{"cameraMode":{"drawMode":0,"name":"Shaded","section":"Shading Mode"},"sceneLighting":false,"audioPlay":false,"sceneViewState":{"showFog":true,"showMaterialUpdate":false,"showSkybox":true,"showFlares":true,"showImageEffects":true,"showParticleSystems":true},"in2DMode":false,"pivot":{"x":-0.03682756423950195,"y":0.9468886256217957,"z":-0.0029096603393554689},"rotation":{"x":0.20109596848487855,"y":-0.5344704985618591,"z":0.13267044723033906,"w":0.81012362241745},"size":4.482168197631836,"orthographic":false}