{"cameraMode":{"drawMode":0,"name":"Shaded","section":"Shading Mode"},"sceneLighting":false,"audioPlay":false,"sceneViewState":{"showFog":true,"showMaterialUpdate":false,"showSkybox":true,"showFlares":true,"showImageEffects":true,"showParticleSystems":true},"in2DMode":false,"pivot":{"x":-1.8989075422286988,"y":2.308687448501587,"z":0.9539351463317871},"rotation":{"x":0.12827777862548829,"y":0.8334633111953735,"z":-0.49149152636528017,"w":0.21753159165382386},"size":11.21252155303955,"orthographic":false}